City_ID,City,Lat,Lng,Current Description,Max Temp,Humidity,Cloudiness,Wind Speed,Country
0,Arraial Do Cabo,-22.9661,-42.0278,broken clouds,72.37,81,64,10.92,BR
1,Rio Grande,-32.035,-52.0986,clear sky,55.51,70,0,6.29,BR
2,Hobart,-42.8794,147.3294,broken clouds,53.46,83,75,9.22,AU
3,Butaritari,3.0707,172.7902,overcast clouds,81.88,78,98,15.48,KI
4,Ahipara,-35.1667,173.1667,scattered clouds,66.0,64,35,2.33,NZ
5,Punta Arenas,-53.15,-70.9167,few clouds,46.51,71,20,19.57,CL
6,Sao Filipe,14.8961,-24.4956,scattered clouds,74.44,77,35,12.86,CV
7,Bluff,-46.6,168.3333,overcast clouds,57.79,96,100,6.38,NZ
8,Port Alfred,-33.5906,26.891,overcast clouds,63.18,74,100,1.99,ZA
9,Albany,42.6001,-73.9662,overcast clouds,56.62,39,100,9.08,US
10,Puerto Ayora,-0.7393,-90.3518,scattered clouds,78.76,83,28,8.9,EC
11,Cape Town,-33.9258,18.4232,clear sky,57.9,80,0,16.11,ZA
12,Komsomolskiy,40.4272,71.7189,clear sky,65.12,63,0,9.22,UZ
13,San Ignacio,17.1561,-89.0714,scattered clouds,102.34,37,40,0.0,BZ
14,Kahului,20.8947,-156.47,few clouds,82.42,65,20,23.02,US
15,Clyde River,70.4692,-68.5914,broken clouds,21.43,86,75,0.0,CA
16,Tuktoyaktuk,69.4541,-133.0374,broken clouds,35.6,80,75,12.66,CA
17,Atuona,-9.8,-139.0333,few clouds,78.73,77,20,15.88,PF
18,Soyo,-6.1349,12.3689,scattered clouds,78.04,87,30,1.16,AO
19,Atar,20.5169,-13.0499,clear sky,89.13,11,9,5.95,MR
20,Hilo,19.7297,-155.09,overcast clouds,91.27,80,100,12.66,US
21,Mataura,-46.1927,168.8643,overcast clouds,57.47,98,100,0.89,NZ
22,Anadyr,64.75,177.4833,few clouds,36.1,69,20,11.18,RU
23,Provideniya,64.3833,-173.3,overcast clouds,33.73,87,100,7.34,RU
24,Rikitea,-23.1203,-134.9692,light rain,76.98,84,48,14.76,PF
25,Kungurtug,50.5994,97.5228,overcast clouds,47.43,47,89,1.39,RU
26,Ulladulla,-35.35,150.4667,clear sky,56.3,58,0,6.06,AU
27,Ambon,-3.6954,128.1814,scattered clouds,80.74,94,40,4.61,ID
28,Busselton,-33.65,115.3333,broken clouds,59.29,66,76,3.42,AU
29,Ruteng,-8.6136,120.4721,broken clouds,65.1,91,64,2.17,ID
30,Vaini,-21.2,-175.2,broken clouds,77.16,78,75,10.36,TO
31,Steinfurt,52.1505,7.3366,broken clouds,51.64,89,59,9.78,DE
32,Bredasdorp,-34.5322,20.0403,scattered clouds,54.09,91,34,1.23,ZA
33,Anloga,5.7947,0.8973,scattered clouds,82.09,78,44,10.16,GH
34,Sidi Ali,36.0998,0.4206,clear sky,61.57,57,3,3.38,DZ
35,Yellowknife,62.456,-114.3525,light rain,37.92,93,100,23.02,CA
36,Beringovskiy,63.05,179.3167,overcast clouds,34.45,90,100,6.93,RU
37,Hermanus,-34.4187,19.2345,light rain,53.8,83,51,5.61,ZA
38,Sertania,-8.0736,-37.2644,overcast clouds,73.6,77,100,7.34,BR
39,Kashiwazaki,37.3667,138.55,scattered clouds,56.88,58,34,6.58,JP
40,Camargo,27.6667,-105.1667,clear sky,96.73,6,0,1.92,MX
41,Puerto Baquerizo Moreno,-0.9,-89.6,scattered clouds,79.79,65,40,8.05,EC
42,Aklavik,68.2191,-135.0107,few clouds,44.6,53,20,10.36,CA
43,Ushuaia,-54.8,-68.3,few clouds,49.66,50,20,20.71,AR
44,Dingle,10.9995,122.6711,scattered clouds,81.14,80,29,10.16,PH
45,Vao,-22.6667,167.4833,broken clouds,73.65,61,57,16.8,NC
46,Zhigalovo,54.8097,105.1578,overcast clouds,42.6,78,100,7.56,RU
47,Tygda,53.1167,126.3333,clear sky,45.21,31,1,2.91,RU
48,Bac Lieu,9.285,105.7244,overcast clouds,82.09,80,92,12.97,VN
49,Ancud,-41.8697,-73.8203,overcast clouds,56.75,88,100,16.33,CL
50,Katsuura,35.1333,140.3,broken clouds,61.93,81,52,15.26,JP
51,Jamestown,42.097,-79.2353,clear sky,58.64,35,0,13.8,US
52,New Norfolk,-42.7826,147.0587,overcast clouds,52.92,74,92,2.98,AU
53,Tasiilaq,65.6145,-37.6368,overcast clouds,30.36,76,99,6.06,GL
54,Sakakah,29.9697,40.2064,clear sky,62.17,25,1,2.26,SA
55,Taos,36.4072,-105.5731,clear sky,81.0,11,0,31.07,US
56,Suluq,31.6682,20.2521,clear sky,64.06,76,0,15.66,LY
57,Kapaa,22.0752,-159.319,overcast clouds,82.38,76,100,18.41,US
58,Qaanaaq,77.484,-69.3632,overcast clouds,16.52,82,100,3.96,GL
59,Georgetown,5.4112,100.3354,few clouds,83.95,88,20,8.05,MY
60,The Valley,18.217,-63.0578,scattered clouds,80.74,74,40,14.97,AI
61,Khatanga,71.9667,102.5,overcast clouds,2.66,98,99,8.1,RU
62,Castro,-24.7911,-50.0119,broken clouds,51.44,83,70,5.01,BR
63,Fallon,39.4735,-118.7774,dust,71.47,9,40,14.97,US
64,Mutis,6.2262,-77.4044,broken clouds,80.64,83,76,3.67,CO
65,Tura,25.5198,90.2201,clear sky,72.1,76,0,2.73,IN
66,Pemba,-12.974,40.5178,few clouds,79.5,83,20,8.05,MZ
67,Norman Wells,65.282,-126.8329,overcast clouds,42.84,56,100,5.75,CA
68,Coihaique,-45.5752,-72.0662,light rain,56.01,94,75,5.75,CL
69,Barrow,71.2906,-156.7887,overcast clouds,23.02,86,100,6.91,US
70,Coquimbo,-29.9533,-71.3436,overcast clouds,58.73,77,100,5.75,CL
71,Mercedes,-34.6515,-59.4307,scattered clouds,64.78,68,31,8.63,AR
72,Severo-Kurilsk,50.6789,156.125,overcast clouds,44.44,87,100,4.05,RU
73,Airai,-8.9266,125.4092,broken clouds,62.89,90,55,4.74,TL
74,Kuching,1.55,110.3333,few clouds,77.22,94,20,1.14,MY
75,Semey,50.4111,80.2275,scattered clouds,39.52,45,49,9.4,KZ
76,Pevek,69.7008,170.3133,overcast clouds,27.73,85,100,2.55,RU
77,Belmonte,-15.8631,-38.8828,broken clouds,76.48,81,74,7.02,BR
78,Mackay,-21.15,149.2,overcast clouds,71.58,83,100,12.66,AU
79,Hovd,48.0056,91.6419,broken clouds,55.96,38,76,8.9,MN
80,Balaipungut,1.05,101.2833,moderate rain,73.98,95,100,2.71,ID
81,Saint-Philippe,-21.3585,55.7679,scattered clouds,72.99,84,34,10.78,RE
82,Aranos,-24.1333,19.1167,clear sky,51.89,55,0,11.16,NA
83,Alofi,-19.0595,-169.9187,overcast clouds,78.69,89,94,3.44,NU
84,Barranca,-10.75,-77.7667,few clouds,66.34,81,19,7.9,PE
85,Luderitz,-26.6481,15.1594,clear sky,54.88,77,0,16.49,NA
86,Bintulu,3.1667,113.0333,light rain,77.41,94,20,7.0,MY
87,Pathein,16.7833,94.7333,overcast clouds,79.77,82,100,4.56,MM
88,Blagoyevo,63.3667,47.9167,broken clouds,45.97,87,82,9.28,RU
89,Tema,5.667,-0.0166,few clouds,81.01,89,20,5.75,GH
90,Lagoa,39.05,-27.9833,broken clouds,60.35,72,59,4.07,PT
91,Swellendam,-34.0226,20.4417,clear sky,52.3,89,4,2.3,ZA
92,Padang,-0.9492,100.3543,light rain,77.94,81,100,4.25,ID
93,Funtua,11.5233,7.3081,overcast clouds,86.38,37,93,13.58,NG
94,Brokopondo,4.75,-55.1667,broken clouds,77.29,89,68,8.12,SR
95,Ullapool,57.8987,-5.1604,overcast clouds,47.34,77,98,5.26,GB
96,Vagur,61.4732,-6.8119,overcast clouds,44.74,79,97,13.53,FO
97,Saldanha,-33.0117,17.9442,clear sky,51.85,81,0,15.55,ZA
98,Oussouye,12.485,-16.5469,clear sky,78.98,70,4,8.37,SN
99,Lorengau,-2.0226,147.2712,scattered clouds,83.03,82,49,14.14,PG
100,Hirara,24.8,125.2833,broken clouds,75.47,100,75,6.91,JP
101,Chipinge,-20.1883,32.6236,few clouds,59.92,62,23,2.64,ZW
102,Taganak,6.0833,118.3,overcast clouds,78.94,76,96,3.47,PH
103,Torbay,47.6666,-52.7314,broken clouds,40.28,75,75,3.44,CA
104,Orlik,52.5178,99.825,scattered clouds,43.11,62,42,3.31,RU
105,Sirjan,29.452,55.6814,broken clouds,65.17,39,66,3.67,IR
106,Port Elizabeth,-33.918,25.5701,few clouds,60.31,76,20,4.61,ZA
107,Palmer,42.1584,-72.3287,broken clouds,51.4,29,75,12.66,US
108,Gizo,-8.103,156.8419,light rain,83.98,74,94,7.05,SB
109,Vila,42.0304,-8.1588,overcast clouds,56.28,65,99,2.95,PT
110,Pangoa,-12.1167,-73.0,broken clouds,72.41,80,77,1.1,PE
111,Vila Velha,-20.3297,-40.2925,broken clouds,75.15,83,75,10.36,BR
112,Dikson,73.5069,80.5464,overcast clouds,5.27,97,96,10.07,RU
113,Hare Bay,48.8499,-54.0148,broken clouds,36.75,67,64,11.79,CA
114,Sept-Iles,50.2001,-66.3821,clear sky,41.05,63,0,6.91,CA
115,Orleans,30.0335,-89.9501,clear sky,89.01,54,0,4.61,US
116,New Richmond,45.123,-92.5366,clear sky,74.88,20,0,19.57,US
117,Tougue,11.4667,-11.6,broken clouds,81.32,40,80,6.2,GN
118,Dandong,40.1292,124.3947,overcast clouds,52.47,36,100,5.39,CN
119,Saint-Joseph,-21.3667,55.6167,scattered clouds,71.98,79,27,10.27,RE
120,Saskylakh,71.9167,114.0833,few clouds,8.04,93,22,10.16,RU
121,Hasaki,35.7333,140.8333,broken clouds,66.6,63,72,22.44,JP
122,Terralba,39.7192,8.6392,broken clouds,59.18,89,64,4.43,IT
123,Antananarivo,-18.9137,47.5361,broken clouds,64.36,94,75,4.61,MG
124,Hithadhoo,-0.6,73.0833,few clouds,83.46,78,13,16.15,MV
125,Avarua,-21.2078,-159.775,overcast clouds,80.64,74,100,5.5,CK
126,Leningradskiy,69.3833,178.4167,broken clouds,27.52,84,60,3.22,RU
127,Nouakchott,18.0858,-15.9785,clear sky,67.93,72,1,18.21,MR
128,Carnarvon,-24.8667,113.6333,scattered clouds,62.67,88,40,4.61,AU
129,Magsalangi,12.1828,123.5666,clear sky,82.4,79,9,14.07,PH
130,Korla,41.7597,86.1469,broken clouds,70.9,43,77,9.8,CN
131,Kodiak,57.79,-152.4072,clear sky,56.71,38,0,17.27,US
132,Petropavlovsk-Kamchatskiy,53.0452,158.6483,clear sky,59.59,41,0,2.24,RU
133,Asyut,27.181,31.1837,scattered clouds,73.58,17,46,6.85,EG
134,San Patricio,28.017,-97.5169,clear sky,97.18,56,0,18.21,US
135,Hargeysa,9.56,44.065,few clouds,72.01,68,23,3.24,SO
136,Oktyabrskoye,43.0645,44.7417,overcast clouds,41.14,100,100,6.71,RU
137,Pangani,-5.4333,38.9667,broken clouds,75.29,87,79,8.48,TZ
138,Chimbote,-9.0853,-78.5783,few clouds,66.36,85,15,9.53,PE
139,Vardo,70.3705,31.1107,scattered clouds,35.58,75,40,24.16,NO
140,Chokurdakh,70.6333,147.9167,overcast clouds,17.29,90,99,12.03,RU
141,Moose Factory,51.2585,-80.6094,clear sky,44.6,61,0,16.11,CA
142,Maridi,4.9158,29.4742,broken clouds,67.71,90,79,1.66,SS
143,Kirakira,-10.4544,161.9205,broken clouds,83.57,78,80,10.74,SB
144,Srandakan,-7.9386,110.2506,overcast clouds,77.11,88,91,3.38,ID
145,Los Llanos De Aridane,28.6585,-17.9182,scattered clouds,64.15,68,40,10.36,ES
146,Kotovo,50.3211,44.8012,few clouds,42.75,55,16,8.14,RU
147,Longyearbyen,78.2186,15.6401,few clouds,12.04,57,20,14.97,SJ
148,Homer,59.6425,-151.5483,clear sky,55.27,70,0,12.66,US
149,Upernavik,72.7868,-56.1549,few clouds,11.86,82,12,5.93,GL
150,Kearney,40.6995,-99.0815,few clouds,77.56,60,20,31.07,US
151,Carberry,49.8689,-99.3602,overcast clouds,68.23,59,100,26.22,CA
152,Mahebourg,-20.4081,57.7,few clouds,76.24,76,19,14.16,MU
153,La Rioja,42.25,-2.5,clear sky,44.38,86,7,4.81,ES
154,Nikolskoye,59.7035,30.7861,light rain,53.49,94,100,8.55,RU
155,Stornoway,58.2093,-6.3865,overcast clouds,46.92,83,100,0.0,GB
156,Road Town,18.4167,-64.6167,scattered clouds,80.69,74,40,10.36,VG
157,Lisala,2.15,21.5167,light rain,71.71,90,31,1.59,CD
158,Sola,-13.8833,167.55,clear sky,81.95,71,2,20.4,VU
159,Ponta Do Sol,32.6667,-17.1,scattered clouds,63.23,68,49,7.31,PT
160,Kaitangata,-46.2817,169.8464,light rain,54.79,94,100,1.5,NZ
161,Touros,-5.1989,-35.4608,light rain,77.09,88,100,9.82,BR
162,Belyy Yar,53.6039,91.3903,scattered clouds,42.69,56,40,11.18,RU
163,Nimaparha,20.0667,86.0167,clear sky,79.2,88,3,3.44,IN
164,Kalmunai,7.4167,81.8167,overcast clouds,80.44,83,100,4.52,LK
165,Lasa,46.6166,10.7002,overcast clouds,52.68,95,100,2.55,IT
166,Nalut,30.3333,10.85,clear sky,64.87,31,1,9.64,LY
167,Houma,29.5958,-90.7195,clear sky,88.02,71,0,10.36,US
168,Namibe,-15.1961,12.1522,clear sky,72.1,73,1,4.65,AO
169,Tomatlan,19.9333,-105.25,clear sky,86.63,43,0,11.52,MX
170,Vila Franca Do Campo,37.7167,-25.4333,overcast clouds,67.19,93,95,0.98,PT
171,Catamarca,-28.4696,-65.7852,scattered clouds,65.59,61,38,13.76,AR
172,Araure,9.5601,-69.2148,broken clouds,75.58,90,76,2.84,VE
173,Umm Lajj,25.0213,37.2685,clear sky,76.44,42,0,10.0,SA
174,Bafia,4.75,11.2333,overcast clouds,70.99,98,100,1.14,CM
175,Mujiayingzi,42.1167,118.7833,overcast clouds,45.43,52,100,5.03,CN
176,Geraldton,-28.7667,114.6,clear sky,57.61,77,9,6.91,AU
177,Itarema,-2.9248,-39.9167,broken clouds,77.72,89,84,9.93,BR
178,Anzhero-Sudzhensk,56.081,86.0285,overcast clouds,30.15,53,87,9.75,RU
179,Bambous Virieux,-20.3428,57.7575,few clouds,77.22,76,23,14.14,MU
180,San Juan,-31.5375,-68.5364,overcast clouds,69.51,27,100,4.03,AR
181,Tieli,46.95,128.05,clear sky,46.51,54,0,5.77,CN
182,Konstantinovsk,47.5828,41.0922,broken clouds,43.97,53,82,8.48,RU
183,Pascagoula,30.3658,-88.5561,clear sky,87.57,57,0,5.75,US
184,Kununurra,-15.7667,128.7333,few clouds,73.38,33,15,6.91,AU
185,Bengkulu,-3.8004,102.2655,overcast clouds,77.18,83,100,4.83,ID
186,Lebu,-37.6167,-73.65,clear sky,53.58,90,5,4.56,CL
187,Karaton,-6.3424,106.1045,overcast clouds,74.23,95,100,4.83,ID
188,Harper,4.375,-7.7169,overcast clouds,81.28,82,100,8.75,LR
189,Lindi,-10.0,39.7167,few clouds,70.47,98,13,4.56,TZ
190,Swabi,34.1199,72.4699,clear sky,78.06,26,0,5.77,PK
191,Russell,32.3502,-85.1999,few clouds,78.4,48,20,11.5,US
192,Zhob,31.3411,69.4481,clear sky,75.34,19,0,4.23,PK
193,Quatre Cocos,-20.2078,57.7625,scattered clouds,76.08,77,28,14.16,MU
194,Sitka,57.0531,-135.33,scattered clouds,49.89,57,40,9.22,US
195,Egvekinot,66.3167,-179.1667,overcast clouds,24.89,96,100,6.04,RU
196,Bodden Town,19.2833,-81.25,scattered clouds,84.99,77,40,8.05,KY
197,Kunming,25.0389,102.7183,overcast clouds,57.13,94,100,4.47,CN
198,Laguna,38.421,-121.4238,clear sky,76.95,32,0,8.05,US
199,Pasni,25.2631,63.471,clear sky,80.02,81,0,11.43,PK
200,Luwuk,-0.9516,122.7875,broken clouds,80.33,88,77,3.04,ID
201,Tra Vinh,9.9347,106.3453,overcast clouds,79.43,87,100,7.31,VN
202,Nome,64.5011,-165.4064,light snow,33.17,93,100,13.8,US
203,Thio,-21.6167,166.2167,overcast clouds,78.76,61,93,12.53,NC
204,Kenai,60.5544,-151.2583,clear sky,58.03,50,0,10.36,US
205,Melfi,40.9965,15.6514,overcast clouds,55.49,98,100,4.38,IT
206,Tiksi,71.6872,128.8694,few clouds,12.88,89,16,5.86,RU
207,Praya,14.9215,-23.5087,scattered clouds,72.14,73,40,19.57,CV
208,Aden,12.7794,45.0367,broken clouds,84.31,73,65,4.29,YE
209,Kenora,49.8167,-94.4337,broken clouds,72.57,30,75,19.57,CA
210,Colonia Leopoldina,-8.9089,-35.725,broken clouds,74.05,91,51,2.77,BR
211,Margate,51.3813,1.3862,clear sky,50.11,90,3,5.01,GB
212,Faanui,-16.4833,-151.75,light rain,81.48,74,8,5.77,PF
213,Olafsvik,64.8945,-23.7142,light rain,43.02,88,100,13.58,IS
214,Thompson,55.7435,-97.8558,overcast clouds,66.36,48,100,6.91,CA
215,Talnakh,69.4865,88.3972,clear sky,9.97,85,4,12.15,RU
216,Koumac,-20.5667,164.2833,broken clouds,78.82,58,60,7.63,NC
217,Peleduy,59.6289,112.7406,overcast clouds,42.57,65,100,14.2,RU
218,Mayumba,-3.432,10.6554,overcast clouds,76.57,87,89,2.8,GA
219,Pervomayskoye,43.919,46.7102,overcast clouds,47.59,79,100,13.8,RU
220,Gamba,-2.65,10.0,broken clouds,75.92,86,51,1.86,GA
221,Mar Del Plata,-38.0023,-57.5575,clear sky,65.95,75,0,11.5,AR
222,Mitsamiouli,-11.3847,43.2844,few clouds,80.82,77,14,4.29,KM
223,Ilulissat,69.2167,-51.1,clear sky,28.42,64,10,8.05,GL
224,Ribeira Grande,38.5167,-28.7,broken clouds,61.81,63,51,1.95,PT
225,Bethel,41.3712,-73.414,light rain,51.89,71,100,9.22,US
226,Klyuchi,52.2667,79.1667,clear sky,37.04,41,0,2.39,RU
227,Setubal,38.5244,-8.8882,broken clouds,68.0,58,77,5.1,PT
228,Sturgis,41.7992,-85.4192,clear sky,66.33,31,0,8.05,US
229,Biltine,14.5333,20.9167,scattered clouds,88.21,11,47,7.27,TD
230,Miraflores,19.2167,-98.8083,broken clouds,84.87,32,65,5.64,MX
231,Souillac,-20.5167,57.5167,few clouds,74.84,81,19,12.57,MU
232,Puqi,29.7167,113.8833,overcast clouds,72.14,80,91,0.78,CN
233,Lewistown,40.5992,-77.5714,light rain,50.61,96,100,6.91,US
234,Pafos,34.7667,32.4167,clear sky,60.58,48,0,3.44,CY
235,Manta,-0.95,-80.7333,overcast clouds,76.78,83,100,13.8,EC
236,Umm Kaddadah,13.6017,26.6876,scattered clouds,79.47,10,48,13.67,SD
237,Obihiro,42.9172,143.2044,scattered clouds,51.76,56,25,14.72,JP
238,Kalevala,65.2,31.1667,broken clouds,34.36,92,75,7.63,RU
239,Cabo San Lucas,22.8909,-109.9124,clear sky,88.61,54,0,12.12,MX
240,Paka,4.6374,103.4368,overcast clouds,76.98,100,100,0.0,MY
241,Pisco,-13.7,-76.2167,clear sky,69.85,73,0,10.36,PE
242,Presidente Medici,-11.1753,-61.9014,clear sky,75.72,80,7,2.17,BR
243,Aliwal North,-30.6937,26.7114,light rain,51.96,84,100,1.61,ZA
244,Sabha,27.0377,14.4283,clear sky,75.54,21,0,8.37,LY
245,Saint George,37.1041,-113.5841,clear sky,91.63,12,0,18.41,US
246,Mahajanga,-15.7167,46.3167,few clouds,77.02,88,20,2.3,MG
247,East London,-33.0153,27.9116,heavy intensity rain,61.65,93,100,14.9,ZA
248,Plettenberg Bay,-34.0527,23.3716,overcast clouds,57.47,83,99,2.89,ZA
249,Klaksvik,62.2266,-6.589,overcast clouds,43.72,81,96,10.42,FO
250,Vorobyevka,50.6451,40.9245,clear sky,42.69,60,0,3.47,RU
251,Humberto De Campos,-2.5983,-43.4611,overcast clouds,76.33,92,96,3.94,BR
252,Vallenar,-28.5708,-70.7581,overcast clouds,60.98,71,100,4.59,CL
253,Eenhana,-17.4667,16.3333,scattered clouds,63.93,37,26,3.89,NA
254,Lubbock,33.6001,-101.8338,broken clouds,100.65,3,75,25.32,US
255,Sesvete,45.8311,16.1164,fog,59.67,84,100,1.14,HR
256,Kudahuvadhoo,2.6708,72.8944,overcast clouds,83.77,78,93,13.09,MV
257,Palatka,29.6486,-81.6376,clear sky,85.05,45,0,11.45,US
258,Bati,11.1833,40.0167,moderate rain,68.86,57,42,2.04,ET
259,Manzhouli,49.6,117.4333,clear sky,49.05,37,3,5.48,CN
260,Carahue,-38.7,-73.1667,few clouds,52.47,86,11,2.15,CL
261,Severomorsk,69.0689,33.4162,broken clouds,37.8,67,52,21.92,RU
262,Fortuna,40.5982,-124.1573,overcast clouds,59.86,72,100,11.5,US
263,Lavrentiya,65.5833,-171.0,broken clouds,32.11,87,84,6.44,RU
264,Zagar,46.35,24.6167,broken clouds,49.48,77,76,3.51,RO
265,Sandpoint,48.2766,-116.5533,overcast clouds,48.02,91,100,1.99,US
266,Chuy,-33.6971,-53.4616,scattered clouds,58.95,82,30,3.85,UY
267,Kaputa,-8.4689,29.6619,broken clouds,68.18,82,67,3.62,ZM
268,Impfondo,1.6381,18.0667,overcast clouds,69.85,98,96,1.61,CG
269,Severo-Yeniseyskiy,60.3725,93.0408,snow,22.44,93,100,14.9,RU
270,Naryan-Mar,67.6713,53.087,overcast clouds,36.34,100,100,11.81,RU
271,Yulara,-25.2406,130.9889,clear sky,44.44,57,0,8.05,AU
272,Tuatapere,-46.1333,167.6833,moderate rain,56.79,97,100,3.62,NZ
273,Berlevag,70.8578,29.0864,light rain,37.35,75,100,27.63,NO
274,Kangasala,61.4638,24.076,scattered clouds,39.33,64,49,6.69,FI
275,Aksu,41.1231,80.2644,clear sky,67.39,37,2,5.06,CN
276,Bay Roberts,47.5999,-53.2648,overcast clouds,41.05,57,98,5.01,CA
277,Dawlatabad,36.4141,64.9053,scattered clouds,78.55,29,49,3.87,AF
278,Zima,53.9202,102.0442,overcast clouds,42.53,77,86,9.48,RU
279,Kirensk,57.7853,108.1119,overcast clouds,44.35,67,100,10.22,RU
280,Iquique,-20.2208,-70.1431,broken clouds,64.44,83,61,4.12,CL
281,Sao Jose Da Coroa Grande,-8.8978,-35.1478,broken clouds,77.45,82,74,5.1,BR
282,Arrecife,28.963,-13.5477,clear sky,69.78,64,0,19.57,ES
283,Marsh Harbour,26.5412,-77.0636,few clouds,80.71,66,23,14.74,BS
284,Mbandaka,0.0487,18.2603,broken clouds,70.52,98,79,3.2,CD
285,Topolobampo,25.6,-109.05,clear sky,84.88,39,0,11.99,MX
286,Conceicao Do Araguaia,-8.2578,-49.2647,scattered clouds,76.69,84,46,4.12,BR
287,Opuwo,-18.0607,13.84,clear sky,61.97,41,1,3.09,NA
288,Pinyug,60.251,47.7842,light rain,47.79,69,47,10.4,RU
289,Henties Bay,-22.116,14.2845,clear sky,56.97,89,0,12.44,NA
290,Petrykivka,48.7298,34.6351,overcast clouds,48.09,55,100,5.08,UA
291,Lompoc,34.6391,-120.4579,clear sky,78.57,66,0,28.77,US
292,Kyzyl-Suu,42.3414,78.0056,clear sky,51.71,62,0,6.46,KG
293,Kawambwa,-9.7915,29.0791,overcast clouds,66.72,71,100,4.61,ZM
294,Victoria,22.2855,114.1577,overcast clouds,77.18,76,100,5.99,HK
295,Husavik,66.0449,-17.3389,overcast clouds,39.43,72,100,3.04,IS
296,Mendi,-6.1761,143.6513,overcast clouds,63.9,83,98,0.54,PG
297,Chicama,-7.8447,-79.1469,few clouds,63.14,77,14,7.02,PE
298,Shahrud,36.4182,54.9763,overcast clouds,64.65,48,94,1.41,IR
299,Bilma,18.6853,12.9164,overcast clouds,92.73,13,100,6.04,NE
300,Mwinilunga,-11.7358,24.4293,scattered clouds,60.71,79,43,3.6,ZM
301,Kaeo,-35.1,173.7833,few clouds,65.32,84,11,3.36,NZ
302,Saint-Pierre,-21.3393,55.4781,clear sky,73.08,68,0,6.91,RE
303,Vestmannaeyjar,63.4427,-20.2734,overcast clouds,45.0,90,100,24.07,IS
304,Kumluca,36.3703,30.2869,clear sky,63.1,53,5,5.61,TR
305,Pacific Grove,36.6177,-121.9166,clear sky,69.39,71,0,17.0,US
306,Inuvik,68.3499,-133.7218,few clouds,43.66,52,20,8.05,CA
307,Seia,40.4151,-7.7086,overcast clouds,57.51,41,100,2.82,PT
308,Te Anau,-45.4167,167.7167,overcast clouds,58.06,95,100,2.77,NZ
309,Cidreira,-30.1811,-50.2056,clear sky,63.01,74,0,8.32,BR
310,Dembi Dolo,8.5333,34.8,broken clouds,59.92,84,77,3.09,ET
311,Mount Gambier,-37.8333,140.7667,overcast clouds,49.91,87,100,5.75,AU
312,Alta Floresta,-9.8756,-56.0861,scattered clouds,72.36,91,41,2.42,BR
313,Bilasipara,26.232,90.2347,clear sky,76.35,79,0,4.05,IN
314,Ballina,-28.8667,153.5667,overcast clouds,64.58,96,100,4.61,AU
315,Port Lincoln,-34.7333,135.8667,clear sky,57.38,76,1,3.69,AU
316,Abonnema,4.7084,6.7931,overcast clouds,79.09,89,100,5.12,NG
317,Krasnoselkup,65.7,82.4667,scattered clouds,7.27,92,30,15.86,RU
318,Voh,-20.9667,164.7,overcast clouds,78.46,55,96,9.19,NC
319,Mpika,-11.8343,31.4529,overcast clouds,58.08,87,99,3.51,ZM
320,Belen,36.4891,36.2233,scattered clouds,53.74,67,40,6.91,TR
321,Gold Coast,-28.0,153.4333,broken clouds,69.01,93,75,8.05,AU
322,Deputatskiy,69.3,139.9,broken clouds,12.34,79,57,3.49,RU
323,San-Pedro,4.7485,-6.6363,overcast clouds,81.01,81,100,6.33,CI
324,Chifeng,42.2683,118.9636,overcast clouds,49.39,34,100,5.68,CN
325,Cuamba,-14.8031,36.5372,scattered clouds,64.89,84,36,2.28,MZ
326,Reshetylivka,49.565,34.0782,overcast clouds,47.53,59,92,6.11,UA
327,Huangmei,30.1924,116.025,overcast clouds,67.75,84,99,7.9,CN
328,Kiruna,67.8557,20.2251,scattered clouds,29.32,64,40,11.5,SE
329,Hambantota,6.1241,81.1185,overcast clouds,80.22,85,100,12.8,LK
330,Moyale,3.5167,39.0584,overcast clouds,66.56,85,88,4.61,KE
331,Yanliang,34.6592,109.2292,clear sky,59.99,62,9,10.78,CN
332,Puerto Narino,-3.7703,-70.3831,overcast clouds,72.68,98,100,2.08,CO
333,Peniche,39.3558,-9.3811,overcast clouds,62.29,86,100,9.1,PT
334,Ruiru,-1.1606,36.9567,scattered clouds,66.67,82,40,3.44,KE
335,Dharchula,29.85,80.5333,few clouds,64.11,52,13,7.11,IN
336,Flinders,-34.5833,150.8552,clear sky,59.18,62,0,5.99,AU
337,Mouzouras,35.5333,24.15,broken clouds,59.0,88,75,0.0,GR
338,Angoche,-16.2325,39.9086,few clouds,72.36,84,19,5.53,MZ
339,Tezu,27.9167,96.1667,scattered clouds,70.11,81,35,4.45,IN
340,Kitimat,54.0524,-128.6534,overcast clouds,52.18,55,91,1.01,CA
341,Port Blair,11.6667,92.75,mist,84.24,79,75,12.66,IN
342,Nipawin,53.3668,-104.0009,moderate rain,48.24,100,100,10.36,CA
343,Nanortalik,60.1432,-45.2371,overcast clouds,39.54,76,100,5.46,GL
344,Kavieng,-2.5744,150.7967,broken clouds,85.12,68,54,18.12,PG
345,Pucallpa,-8.3791,-74.5539,few clouds,86.04,58,20,6.91,PE
346,Wad Rawah,15.1603,33.1397,scattered clouds,89.62,8,43,16.02,SD
347,Muros,42.7762,-9.0603,overcast clouds,59.85,77,88,5.23,ES
348,Bachaquero,9.9694,-71.1494,broken clouds,80.87,78,81,1.61,VE
349,Moba,33.2288,105.0179,broken clouds,56.21,93,75,2.08,CN
350,Yarmouth,41.7057,-70.2286,few clouds,48.34,82,20,23.02,US
351,Marquette,46.5333,-87.6335,few clouds,65.64,36,20,7.67,US
352,Kushima,31.4583,131.2333,overcast clouds,69.91,77,91,4.41,JP
353,Arawa,-6.2132,155.5367,scattered clouds,85.41,69,32,4.34,PG
354,Rongcheng,30.634,117.8517,overcast clouds,66.34,90,100,4.12,CN
355,Kasongo,-4.45,26.6667,overcast clouds,70.48,93,98,0.22,CD
356,Bathsheba,13.2167,-59.5167,few clouds,81.21,78,20,11.5,BB
357,Terme,41.2092,36.9739,overcast clouds,49.93,89,100,9.1,TR
358,Nicoya,10.1483,-85.452,broken clouds,83.03,74,64,2.89,CR
359,Umea,63.8284,20.2597,clear sky,37.33,60,0,13.8,SE
360,Rawson,-43.3002,-65.1023,scattered clouds,70.7,38,40,7.67,AR
361,Rocha,-34.4833,-54.3333,broken clouds,57.97,89,80,3.29,UY
362,Muisne,0.6,-80.0333,scattered clouds,78.58,85,50,8.77,EC
363,Grindavik,63.8424,-22.4338,light intensity drizzle rain,45.07,93,75,18.41,IS
364,Kampong Thum,12.7111,104.8887,overcast clouds,76.89,90,100,3.91,KH
365,Damietta,31.4165,31.8133,scattered clouds,67.89,60,33,3.62,EG
366,Alice Springs,-23.7,133.8833,clear sky,42.35,65,0,0.0,AU
367,Soligalich,59.0778,42.2864,broken clouds,46.54,80,54,9.91,RU
368,Charlottesville,38.0293,-78.4767,haze,52.61,90,100,17.27,US
369,San Bartolome De Tirajana,27.9248,-15.5733,few clouds,58.32,80,20,25.32,ES
370,Le Port,-20.9373,55.2919,few clouds,73.4,72,12,9.1,RE
371,Tilichiki,60.4667,166.1,light snow,31.23,99,100,2.55,RU
372,Kavaratti,10.5669,72.642,scattered clouds,84.15,72,39,12.44,IN
373,Baturaja,-4.1333,104.1667,overcast clouds,74.05,99,100,3.24,ID
374,Frederikshavn,57.4407,10.5366,scattered clouds,45.27,76,33,4.38,DK
375,Asadabad,34.7824,48.1185,clear sky,55.35,60,4,3.4,IR
376,Bud,39.447,-86.1758,broken clouds,67.19,50,52,12.91,US
377,La Ronge,55.1001,-105.2842,broken clouds,59.25,41,75,11.5,CA
378,Timberlake,37.3207,-79.2575,overcast clouds,53.62,89,100,13.8,US
379,Raudeberg,61.9875,5.1352,overcast clouds,41.67,90,93,9.6,NO
380,Pitimbu,-7.4706,-34.8086,overcast clouds,77.59,81,97,7.78,BR
381,Bowmore,34.9421,-79.3031,broken clouds,67.62,88,84,15.88,US
382,Hamilton,39.1834,-84.5333,overcast clouds,61.74,72,100,12.66,US
383,Baykit,61.67,96.37,overcast clouds,30.78,85,100,12.24,RU
384,Vostok,46.4856,135.8833,overcast clouds,36.28,77,100,6.58,RU
385,Gat,31.61,34.7642,scattered clouds,63.39,70,47,4.38,IL
386,Polunochnoye,60.8697,60.4153,scattered clouds,38.61,86,38,5.32,RU
387,Archidona,37.0965,-4.3887,few clouds,60.42,75,18,3.11,ES
388,Nagarote,12.2659,-86.5647,scattered clouds,92.88,67,34,9.4,NI
389,Mampong,7.0627,-1.4001,broken clouds,73.38,86,77,3.2,GH
390,Mitu,1.1983,-70.1733,overcast clouds,73.38,90,92,2.35,CO
391,Miracatu,-24.2814,-47.4597,overcast clouds,63.72,82,98,1.66,BR
392,Narathiwat,6.3333,101.75,light rain,80.11,96,100,3.47,TH
393,Getulio Vargas,-32.6796,-53.5494,clear sky,57.83,81,3,3.74,UY
394,Cabedelo,-6.9811,-34.8339,overcast clouds,77.67,82,97,9.01,BR
395,Ayan,56.45,138.1667,clear sky,39.04,75,3,8.48,RU
396,Adrar,20.5022,-10.0711,broken clouds,92.68,13,78,6.82,MR
397,Kulhudhuffushi,6.6221,73.07,overcast clouds,84.43,75,97,11.97,MV
398,Natal,-5.795,-35.2094,broken clouds,79.02,94,75,3.44,BR
399,Pingzhuang,42.0372,119.2889,overcast clouds,47.1,50,100,9.31,CN
400,Usta Muhammad,28.1794,68.0445,clear sky,90.16,26,0,6.29,PK
401,Karasburg,-28.0167,18.75,clear sky,44.55,75,0,6.46,NA
402,Saint-Augustin,51.226,-58.6502,overcast clouds,37.06,58,86,8.23,CA
403,Warrnambool,-38.3833,142.4833,broken clouds,54.81,76,53,9.91,AU
404,Imeni Poliny Osipenko,52.4201,136.4853,few clouds,40.46,70,14,8.16,RU
405,Lincoln,40.8,-96.667,clear sky,75.29,52,0,24.16,US
406,Khor,47.8861,134.9464,light rain,41.09,85,100,9.78,RU
407,Mayen,50.3333,7.2167,overcast clouds,56.21,93,95,3.91,DE
408,Carballo,43.213,-8.691,overcast clouds,62.02,65,88,2.55,ES
409,Eydhafushi,5.1033,73.0708,overcast clouds,84.87,71,96,12.21,MV
410,Codrington,-38.2667,141.9667,overcast clouds,55.02,77,87,8.32,AU
411,Hay River,60.8156,-115.7999,light rain,33.78,100,100,14.97,CA
412,Esperance,-33.8667,121.9,overcast clouds,51.64,48,98,17.31,AU
413,Teya,60.3778,92.6267,snow,25.54,90,100,13.87,RU
414,Praia Da Vitoria,38.7333,-27.0667,scattered clouds,61.75,88,40,1.45,PT
415,Pouembout,-21.1333,164.9,overcast clouds,77.94,56,99,9.62,NC
416,Maceio,-9.6658,-35.7353,broken clouds,74.64,88,75,11.5,BR
417,Grand Gaube,-20.0064,57.6608,clear sky,76.37,73,7,5.99,MU
418,Beidao,34.5686,105.8933,broken clouds,62.29,78,70,2.26,CN
419,Half Moon Bay,37.4636,-122.4286,haze,68.79,66,0,26.46,US
420,Dawson Creek,55.7666,-120.2362,broken clouds,40.64,75,75,18.41,CA
421,Ossora,59.2353,163.0719,scattered clouds,36.39,71,43,19.86,RU
422,La Palma,33.8464,-118.0467,clear sky,84.92,66,0,13.8,US
423,Pont-Saint-Esprit,44.2549,4.6474,few clouds,66.13,59,17,9.8,FR
424,Chernyshevskiy,63.0128,112.4714,overcast clouds,35.89,94,93,14.09,RU
425,North Battleford,52.7834,-108.2847,few clouds,60.89,29,20,13.8,CA
426,Inirida,3.8653,-67.9239,overcast clouds,73.74,97,91,2.51,CO
427,Shelburne,44.0787,-80.2041,clear sky,59.79,35,6,6.69,CA
428,Guerrero Negro,27.9769,-114.0611,few clouds,67.3,66,16,18.86,MX
429,Necochea,-38.5473,-58.7368,scattered clouds,60.78,74,39,10.13,AR
430,Galveston,29.3669,-94.9669,overcast clouds,89.71,81,100,14.97,US
431,Rubtsovsk,51.5,81.25,clear sky,36.21,43,1,5.79,RU
432,Kokoda,-8.8785,147.7407,overcast clouds,82.9,73,91,4.25,PG
433,North Platte,41.1239,-100.7654,clear sky,83.12,43,0,21.99,US
434,Marawi,7.9986,124.2928,overcast clouds,73.78,87,96,1.83,PH
435,Palana,59.1167,159.9667,light snow,28.96,92,100,39.17,RU
436,Shubarkuduk,49.1447,56.4872,light rain,45.99,52,100,20.22,KZ
437,Taybad,34.74,60.7756,few clouds,76.75,35,12,5.88,IR
438,Dmitriyevka,54.75,55.3333,clear sky,38.75,61,5,5.41,RU
439,Leh,34.1667,77.5833,overcast clouds,45.73,50,96,4.85,IN
440,Tiverton,50.9,-3.4833,clear sky,54.52,87,0,4.61,GB
441,Gwanda,-20.9333,29.0,broken clouds,65.23,51,60,5.95,ZW
442,Wanning,18.8003,110.3967,overcast clouds,76.78,88,100,4.32,CN
443,Iracoubo,5.4802,-53.2011,overcast clouds,77.56,87,88,9.19,GF
444,Mana,5.6592,-53.7767,broken clouds,77.56,88,81,8.3,GF
445,Sorland,67.667,12.6934,overcast clouds,33.66,61,87,23.06,NO
446,Colombo,6.9319,79.8478,overcast clouds,84.15,83,100,8.7,LK
447,Paamiut,61.994,-49.6678,broken clouds,32.13,89,66,14.18,GL
448,Jizan,17.3333,42.6667,broken clouds,85.14,60,61,6.35,SA
449,Havre-Saint-Pierre,50.2334,-63.5986,clear sky,39.56,65,0,14.97,CA
450,Manokwari,-0.8667,134.0833,scattered clouds,82.87,75,31,7.52,ID
451,La Colmena,-25.8833,-56.8167,broken clouds,58.66,81,57,3.2,PY
452,Sinnamary,5.3833,-52.95,broken clouds,77.77,87,60,9.06,GF
453,Atambua,-9.1061,124.8925,scattered clouds,75.49,84,36,6.38,ID
454,Wasilla,61.5814,-149.4394,clear sky,56.75,47,0,6.91,US
455,Marsa Matruh,31.3525,27.2453,clear sky,66.4,77,0,10.36,EG
456,Haines Junction,60.7522,-137.5108,overcast clouds,37.35,87,99,2.3,CA
457,Suntar,62.1444,117.6319,light rain,41.58,90,100,11.5,RU
458,Meadow Lake,34.8014,-106.5436,scattered clouds,91.35,6,30,26.15,US
459,Narsaq,60.9167,-46.05,overcast clouds,50.22,63,100,7.78,GL
460,Qaqortoq,60.7167,-46.0333,overcast clouds,42.35,63,100,6.04,GL
461,Lata,40.1629,-8.3327,overcast clouds,62.08,64,100,1.45,PT
462,Port-Gentil,-0.7193,8.7815,scattered clouds,78.76,94,40,6.91,GA
463,Mahon,39.8885,4.2658,clear sky,59.56,72,0,2.3,ES
464,Grenville,12.1167,-61.6167,overcast clouds,82.45,79,97,12.59,GD
465,Waddan,29.1614,16.139,clear sky,67.66,39,7,13.76,LY
466,Dunedin,-45.8742,170.5036,light rain,57.79,80,100,5.99,NZ
467,Dourbali,11.8091,15.8632,overcast clouds,94.91,27,99,6.02,TD
468,Kandrian,-6.2167,149.55,few clouds,83.79,76,16,4.72,PG
469,Shubarshi,48.5872,57.1869,light rain,48.04,46,100,20.94,KZ
470,Hami,42.8,93.45,broken clouds,68.02,28,55,11.12,CN
471,Salalah,17.0151,54.0924,scattered clouds,82.49,83,40,4.61,OM
472,Dalbandin,28.8947,64.4101,clear sky,84.85,12,0,5.17,PK
473,Manzanillo,20.3433,-77.1167,clear sky,84.63,60,8,8.46,CU
474,Ulaangom,49.9811,92.0667,scattered clouds,56.48,35,40,4.16,MN
475,Viransehir,37.2353,39.7631,overcast clouds,55.33,73,85,5.55,TR
476,Axim,4.8699,-2.2405,overcast clouds,81.32,81,90,6.82,GH
477,San Quintin,30.4833,-115.95,clear sky,64.72,73,8,15.08,MX
478,Naro Moru,-0.1676,37.0213,broken clouds,56.17,97,74,7.74,KE
479,Bubaque,11.2833,-15.8333,clear sky,77.31,73,2,17.54,GW
480,Roebourne,-20.7833,117.1333,broken clouds,75.34,53,58,12.12,AU
481,Gornopravdinsk,60.05,69.9,overcast clouds,36.12,99,100,3.71,RU
482,Mukhen,48.1,136.1,light rain,42.28,83,100,9.04,RU
483,Cherskiy,68.75,161.3,overcast clouds,30.67,97,100,7.65,RU
484,Vanavara,60.34,102.2797,overcast clouds,30.78,69,91,15.66,RU
485,Bilibino,68.0546,166.4372,overcast clouds,30.76,84,100,2.57,RU
486,Jinji,23.2281,110.8261,overcast clouds,73.33,94,97,1.1,CN
487,Khuzhir,53.1939,107.3397,clear sky,39.63,79,5,5.75,RU
488,Walvis Bay,-22.9575,14.5053,clear sky,54.09,82,0,2.3,NA
489,Xifeng,42.7372,124.7222,overcast clouds,53.02,25,100,6.46,CN
490,Ubinskoye,55.3068,79.6802,scattered clouds,31.37,47,33,6.33,RU
491,Estrela,-28.0611,-50.9383,clear sky,49.51,90,1,2.44,BR
492,Carinhanha,-14.3047,-43.765,overcast clouds,83.12,43,88,6.98,BR
493,Khani,41.9563,42.9566,overcast clouds,44.17,100,100,2.98,GE
494,Galle,6.0367,80.217,overcast clouds,82.06,85,100,12.01,LK
495,Yerbogachen,61.2767,108.0108,scattered clouds,32.74,84,48,18.57,RU
496,Bulgan,48.8125,103.5347,scattered clouds,48.07,59,27,3.71,MN
497,North Bend,43.4065,-124.2243,scattered clouds,56.25,81,40,14.97,US
498,Winnemucca,40.973,-117.7357,broken clouds,60.85,20,75,25.32,US
499,Cap Malheureux,-19.9842,57.6142,clear sky,76.46,73,5,5.99,MU
500,Corralillo,22.9819,-80.5856,overcast clouds,80.83,72,97,3.8,CU
501,Alappuzha,9.49,76.3264,broken clouds,82.63,84,64,8.84,IN
502,Tahta,26.7693,31.5021,few clouds,75.27,15,24,6.69,EG
503,Mesyagutovo,55.5303,58.2528,clear sky,40.95,71,6,4.81,RU
504,College,64.8569,-147.8028,broken clouds,55.0,60,75,9.22,US
505,Savelugu,9.6244,-0.8253,overcast clouds,81.73,58,94,5.53,GH
506,Avera,33.194,-82.5271,broken clouds,71.65,50,72,14.41,US
507,Sehithwa,-20.4667,22.7167,clear sky,64.87,30,3,6.15,BW
508,Las Cruces,32.3123,-106.7783,clear sky,95.38,5,0,24.16,US
509,Nisia Floresta,-6.0911,-35.2086,light rain,79.18,91,100,5.08,BR
510,Dubti,11.7361,41.0853,few clouds,88.95,46,15,14.74,ET
511,Mabay,6.0577,124.4666,overcast clouds,81.82,80,99,2.51,PH
512,Middletown,39.5151,-84.3983,overcast clouds,61.12,71,100,11.5,US
513,Valcourt,45.5001,-72.3158,clear sky,57.76,53,1,10.0,CA
514,Nurota,40.5614,65.6886,clear sky,75.9,34,0,8.21,UZ
515,Cortes,41.9395,-1.4396,clear sky,62.65,66,2,18.9,ES
516,Broken Hill,-31.95,141.4333,clear sky,44.31,87,0,0.0,AU
517,Buin,-33.7333,-70.75,clear sky,73.72,45,2,2.66,CL
518,Maumere,-8.6199,122.2111,few clouds,81.73,77,23,4.25,ID
519,Radishchevo,52.85,47.8833,clear sky,43.03,60,2,3.18,RU
520,Chesterton,41.6106,-87.0642,clear sky,63.03,47,0,12.66,US
521,Baringo,0.4667,35.9667,overcast clouds,74.61,63,90,2.44,KE
522,Maragogi,-9.0122,-35.2225,broken clouds,77.02,83,63,6.51,BR
523,Seryshevo,51.0933,128.3786,clear sky,46.67,30,0,7.65,RU
524,Ati,13.2154,18.3353,broken clouds,91.24,27,68,6.85,TD
525,Changde,29.0464,111.6783,overcast clouds,68.4,76,93,6.8,CN
526,Oksfjord,70.2396,22.3479,snow,34.0,98,100,24.7,NO
527,Hindupur,13.8289,77.4933,broken clouds,80.6,59,67,7.18,IN
528,Palmas,-10.2128,-48.3603,few clouds,82.27,83,20,4.61,BR
529,Kailua,21.4022,-157.7394,light rain,80.58,69,100,12.66,US
530,Ixtapa,20.7,-105.2,few clouds,87.15,45,21,6.71,MX
531,Asau,46.4333,26.4,broken clouds,49.12,79,64,2.77,RO
532,Naze,28.3667,129.4833,overcast clouds,70.72,80,100,7.74,JP
533,Prieska,-29.6641,22.7474,clear sky,54.28,61,1,5.73,ZA
534,Verkh-Chebula,56.0308,87.6218,broken clouds,31.21,54,75,12.28,RU
535,Tukrah,32.5341,20.5791,clear sky,62.53,92,0,7.63,LY
536,Satipo,-11.2522,-74.6386,scattered clouds,74.55,80,25,0.87,PE
537,Hobyo,5.3505,48.5268,scattered clouds,82.85,77,26,22.57,SO
538,Port Augusta,-32.5,137.7667,clear sky,55.92,55,0,3.18,AU
539,Koygorodok,60.445,50.9968,broken clouds,44.83,76,56,7.94,RU
540,Aswan,24.0934,32.907,clear sky,79.9,11,0,5.75,EG
541,Riyadh,24.6877,46.7219,clear sky,75.34,24,0,14.97,SA
542,Okhotsk,59.3833,143.3,clear sky,37.71,62,5,14.74,RU
543,Jerantut,3.936,102.3626,overcast clouds,74.48,98,100,0.83,MY
544,Qandala,11.472,49.8728,clear sky,86.16,61,4,2.48,SO
545,Sinjai,-5.1241,120.253,light rain,77.4,93,85,3.69,ID
546,Tres Arroyos,-38.3739,-60.2798,scattered clouds,62.98,66,47,13.15,AR
547,Awbari,26.5921,12.7805,clear sky,72.5,16,0,6.98,LY
548,Miyang,24.4042,103.4428,few clouds,61.11,95,22,1.77,CN
549,Mount Pleasant,32.7941,-79.8626,overcast clouds,75.99,50,100,13.8,US
550,Sur,22.5667,59.5289,clear sky,84.06,58,0,9.28,OM
551,Carutapera,-1.195,-46.02,overcast clouds,75.76,93,99,3.67,BR
552,Torata,-17.0769,-70.8433,scattered clouds,58.14,61,34,2.8,PE
553,Strezhevoy,60.7333,77.5889,scattered clouds,18.9,91,27,4.47,RU
554,Itaituba,-4.2761,-55.9836,broken clouds,75.11,96,78,0.51,BR
555,Pombas,17.1503,-25.0201,broken clouds,69.58,78,67,16.02,CV
556,Noyabrsk,63.1994,75.4507,scattered clouds,12.2,94,43,7.27,RU
557,Kyabram,-36.3167,145.05,scattered clouds,46.87,81,33,5.59,AU
558,Verkhoyansk,67.5447,133.385,overcast clouds,21.29,73,94,3.78,RU
559,Azare,11.6765,10.1948,overcast clouds,90.16,35,98,16.17,NG
560,Vulcan,45.3833,23.2667,overcast clouds,43.9,74,93,2.46,RO
561,Mumford,5.2618,-0.759,broken clouds,81.16,80,73,6.98,GH
562,Acarau,-2.8856,-40.12,broken clouds,78.78,86,68,10.02,BR
563,Sechenovo,55.2244,45.8906,broken clouds,45.07,62,70,7.18,RU
564,Constitucion,-35.3333,-72.4167,clear sky,53.89,80,3,10.85,CL
565,Ulkan,57.243,107.3223,overcast clouds,44.44,67,100,10.92,RU
566,Skagen,57.7209,10.5839,scattered clouds,49.66,69,42,2.77,DK
567,Ilesha,7.1371,5.2583,broken clouds,73.56,96,80,2.04,NG
568,Kruisfontein,-34.0033,24.7314,overcast clouds,54.88,79,97,5.06,ZA
569,Yining,29.0361,114.5636,overcast clouds,67.8,93,100,1.05,CN
570,Miandrivazo,-19.5167,45.4667,broken clouds,75.67,81,55,2.33,MG
571,Malinovoye Ozero,51.6753,79.7825,clear sky,36.86,40,2,4.94,RU
572,Bonavista,48.6499,-53.1147,scattered clouds,35.64,71,46,19.35,CA
573,Nikolayevskaya,47.6139,41.5023,overcast clouds,44.51,54,88,9.26,RU
574,Praia,14.9215,-23.5087,scattered clouds,72.14,73,40,19.57,CV
575,Togur,58.3631,82.8265,overcast clouds,25.16,74,100,12.62,RU
576,Pangai,-19.8,-174.35,light rain,75.24,79,95,7.96,TO
577,Umtata,-31.5889,28.7844,light rain,56.82,95,99,4.81,ZA
578,Bossier City,32.516,-93.7321,clear sky,87.98,58,0,8.05,US
579,Benguela,-12.5763,13.4055,overcast clouds,75.83,79,100,3.74,AO
580,Katesh,-4.5167,35.3833,few clouds,54.66,91,24,5.01,TZ
581,Byron Bay,-28.65,153.6167,overcast clouds,64.29,89,100,13.76,AU
582,Pontal Do Parana,-25.6533,-48.5128,broken clouds,62.87,80,52,3.13,BR
583,Calvinia,-31.4707,19.776,clear sky,44.78,83,6,5.1,ZA
584,Isangel,-19.55,169.2667,clear sky,78.3,57,6,18.07,VU
585,Srivardhan,18.0333,73.0167,clear sky,80.17,82,6,7.85,IN
586,Bejar,40.3864,-5.7634,scattered clouds,57.58,57,41,6.26,ES
587,Sao Miguel Do Araguaia,-13.275,-50.1628,scattered clouds,76.28,66,42,2.21,BR
588,Namatanai,-3.6667,152.4333,light rain,83.41,74,48,9.89,PG
589,Karuzi,-3.125,30.1333,broken clouds,57.94,94,64,2.39,BI
590,Odienne,9.51,-7.5692,overcast clouds,74.19,83,92,2.95,CI
591,Inhambane,-23.865,35.3833,clear sky,70.65,82,0,5.84,MZ
592,Manakara,-22.1333,48.0167,scattered clouds,71.8,95,27,6.51,MG
593,Birin,26.8865,88.0718,overcast clouds,60.58,78,89,4.88,NP
594,Tuy Hoa,13.0833,109.3,overcast clouds,77.31,90,98,2.89,VN
595,Berlin,52.5244,13.4105,clear sky,57.22,81,0,8.05,DE
596,Azangaro,-14.9167,-70.2167,broken clouds,48.81,49,57,4.43,PE
597,Whakatane,-37.9585,176.9854,overcast clouds,63.64,80,85,3.0,NZ
598,Charters Towers,-20.1,146.2667,light rain,70.2,85,100,12.91,AU
599,Bereda,43.2686,-7.5406,overcast clouds,53.58,97,99,2.91,ES
600,Loiza,18.4313,-65.8802,few clouds,82.4,76,20,12.66,PR
601,Kajaani,64.2273,27.7285,clear sky,33.85,75,0,5.75,FI
602,Qui Nhon,13.7667,109.2333,overcast clouds,77.07,90,96,4.05,VN
603,Beatrice,40.2681,-96.747,clear sky,75.29,50,0,14.97,US
604,Ojinaga,29.5667,-104.4167,clear sky,103.15,11,0,16.11,MX
605,Annau,37.8876,58.516,overcast clouds,71.1,64,100,11.5,TM
606,Zhanaozen,43.3,52.8,light rain,64.22,80,90,3.47,KZ
607,Tautira,-17.7333,-149.15,clear sky,80.69,76,6,0.81,PF
608,Kosh-Agach,50.0,88.6667,scattered clouds,42.62,74,43,6.06,RU
609,Quang Ngai,15.1167,108.8,overcast clouds,75.52,88,89,3.91,VN
610,Utete,-7.986,38.758,few clouds,71.06,96,12,2.55,TZ
611,Arman,59.7,150.1667,overcast clouds,37.02,92,98,3.47,RU
612,Ternate,0.8,127.4,scattered clouds,82.6,78,49,3.13,ID
613,Ostrovnoy,68.0531,39.5131,light rain,36.21,97,100,14.43,RU
614,Menongue,-14.6585,17.691,overcast clouds,64.9,64,89,2.82,AO
615,Igarka,67.4667,86.5833,scattered clouds,12.4,89,39,22.06,RU
616,Nortelandia,-14.4547,-56.8028,clear sky,70.38,56,0,1.83,BR
617,Belaya Gora,68.5333,146.4167,overcast clouds,21.65,82,97,10.31,RU
618,Joshimath,30.5667,79.5667,clear sky,57.4,52,6,6.31,IN
619,Pochutla,15.7432,-96.4661,overcast clouds,88.83,51,89,6.33,MX
620,Bitung,1.4451,125.1824,scattered clouds,79.65,80,44,1.66,ID
621,Omboue,-1.5746,9.2618,overcast clouds,75.38,91,98,3.18,GA
622,Amberley,39.2048,-84.428,overcast clouds,60.55,73,100,12.66,US
623,Zeya,53.75,127.2667,clear sky,45.07,41,4,2.64,RU
624,Ponta Delgada,37.7333,-25.6667,broken clouds,66.51,88,75,3.44,PT
625,Terrell,32.736,-96.2753,few clouds,89.44,71,20,10.36,US
626,Durham,36.0335,-78.8664,overcast clouds,61.27,88,100,1.99,US
627,Skjervoy,70.0311,20.9714,snow,32.0,85,100,30.09,NO
628,Broome,42.2506,-75.833,clear sky,55.78,41,0,10.36,US
629,Serrinha,-11.6642,-39.0075,clear sky,70.16,81,6,7.72,BR
630,Sharjah,25.3573,55.4033,clear sky,91.38,32,0,4.61,AE
631,Pavino,59.1139,46.1414,broken clouds,44.04,75,58,7.96,RU
632,Mount Isa,-20.7333,139.5,clear sky,65.97,45,0,9.22,AU
633,Akureyri,65.6835,-18.0878,few clouds,39.13,70,20,6.91,IS
634,Malanje,-9.5402,16.341,scattered clouds,64.11,88,37,3.96,AO
635,Grand-Santi,4.25,-54.3833,overcast clouds,73.9,99,97,2.59,GF
636,Coahuayana,18.7333,-103.6833,overcast clouds,83.71,56,86,7.25,MX
637,Kebumen,-7.6687,109.6519,overcast clouds,77.0,90,100,3.15,ID
638,Fort Nelson,58.8053,-122.7002,light rain,40.59,75,100,14.97,CA
639,Port Hardy,50.6996,-127.4199,light intensity shower rain,48.2,81,75,3.44,CA
640,Flin Flon,54.7682,-101.865,overcast clouds,53.44,76,100,2.3,CA
641,Matamoros,25.5333,-103.25,clear sky,100.15,8,0,4.61,MX
642,Midland,31.9974,-102.0779,clear sky,103.8,6,0,26.46,US
643,Guhagar,17.4842,73.1929,clear sky,77.81,87,4,6.69,IN
644,Dergachi,51.2328,48.7659,overcast clouds,44.85,55,100,9.26,RU
645,Dabat,12.9842,37.765,overcast clouds,61.48,43,99,3.2,ET
646,Nyurba,63.2842,118.3319,light rain,38.64,81,100,10.31,RU
647,Fukue,32.6881,128.8419,overcast clouds,63.91,81,85,16.31,JP
648,Vauvert,43.7,4.2833,clear sky,66.36,58,0,6.91,FR
649,Ketchikan,55.3422,-131.6461,scattered clouds,52.27,46,40,10.36,US
650,Skala Fourkas,39.9998,23.3841,few clouds,56.53,66,15,6.08,GR
651,Maniitsoq,65.4167,-52.9,clear sky,28.98,77,6,11.79,GL
652,Uige,-7.6087,15.0613,overcast clouds,68.5,95,100,1.88,AO
653,Zyryanka,65.75,150.85,overcast clouds,31.28,85,100,11.68,RU
654,Samfya,-11.3649,29.5565,overcast clouds,67.75,67,96,6.15,ZM
655,Danielskuil,-28.1887,23.5395,few clouds,48.38,63,12,7.54,ZA
656,Newport,51.5877,-2.9984,overcast clouds,57.69,79,89,7.92,GB
657,Jumla,29.2747,82.1838,broken clouds,51.98,87,74,0.4,NP
658,Chapais,49.7834,-74.8492,clear sky,47.98,57,8,2.57,CA
659,Iqaluit,63.7506,-68.5145,overcast clouds,29.93,51,100,8.05,CA
660,Harer,9.3094,42.1258,clear sky,61.07,47,5,3.36,ET
661,San Vicente,-26.6167,-54.1333,broken clouds,55.44,87,84,2.42,AR
662,Cananea,30.95,-110.3,clear sky,81.5,7,0,21.16,MX
663,Ankazobe,-18.3167,47.1167,broken clouds,61.47,95,80,4.03,MG
664,Marzuq,14.4,46.4667,broken clouds,73.94,37,66,5.82,YE
665,Havoysund,70.9963,24.6622,overcast clouds,35.83,96,100,30.74,NO
666,Brooks,50.5834,-111.8851,overcast clouds,62.58,28,100,8.05,CA
667,Morant Bay,17.8815,-76.4093,clear sky,82.02,76,6,8.3,JM
668,Zhangjiakou,40.81,114.8794,overcast clouds,43.5,84,100,4.72,CN
669,Gushikawa,26.3544,127.8686,broken clouds,76.23,96,75,10.36,JP
670,Silopi,37.2497,42.4694,broken clouds,53.35,74,57,2.39,TR
